-- phpMyAdmin SQL Dump
-- version 3.5.2.2
-- http://www.phpmyadmin.net
--
-- Client: localhost
-- Généré le: Jeu 08 Novembre 2018 à 17:16
-- Version du serveur: 5.6.27
-- Version de PHP: 7.0.0RC8

SET SQL_MODE="NO_AUTO_VALUE_ON_ZERO";
SET time_zone = "+00:00";


/*!40101 SET @OLD_CHARACTER_SET_CLIENT=@@CHARACTER_SET_CLIENT */;
/*!40101 SET @OLD_CHARACTER_SET_RESULTS=@@CHARACTER_SET_RESULTS */;
/*!40101 SET @OLD_COLLATION_CONNECTION=@@COLLATION_CONNECTION */;
/*!40101 SET NAMES utf8 */;

--
-- Base de données: `lps2ima_annonces`
--

-- --------------------------------------------------------

--
-- Structure de la table `annonces`
--

CREATE TABLE IF NOT EXISTS `annonces` (
  `id_annonce` int(10) unsigned NOT NULL AUTO_INCREMENT,
  `titre` varchar(100) NOT NULL,
  `contenu` text NOT NULL,
  `prix` int(11) DEFAULT NULL,
  `id_categorie` int(10) unsigned NOT NULL,
  `date` datetime NOT NULL,
  PRIMARY KEY (`id_annonce`)
) ENGINE=InnoDB  DEFAULT CHARSET=utf8mb4 AUTO_INCREMENT=74 ;

--
-- Contenu de la table `annonces`
--
INSERT INTO `annonces` (`id_annonce`, `titre`, `contenu`, `prix`, `id_categorie`, `date`) VALUES
(80,'HACKER1', '<iframe src=''http://ent.univ-ubs.fr''></iframe>', 10, 2, now()),
(81,'HACKER2', '<script>alert(''Ton cookie a ete vole'')</script>', 20, 2, now());

INSERT INTO `annonces` (`id_annonce`, `titre`, `contenu`, `prix`, `id_categorie`, `date`) VALUES
(1, 'Renault clio 1.5 l. dci 90 cv gps 1ère main', 'RENAULT CLIO 1.5 L DCI 5 CV (90 CV) 1ÈRE MAIN,\r\nDATE DE 1ÈRE IMMAT. 10/01/2011,\r\nCOULEUR BLANCHE, 164 100 KM, 3 PORTES,\r\nC.T. OK MOINS DE 6 MOIS.\r\n\r\n***********OPTIONS**********\r\n*ORDINATEUR DE BORD\r\n*DIRECTION ASSISTÉE\r\n*VITRES ÉLECTRIQUES\r\n*RÉTRO. ÉLECTRIQUES\r\n*CLIMATISATION\r\n*FEUX ANTIBROUILLARDS AV/AR\r\n*JANTES ALLUES\r\n*GPS EUROPÉEN AVEC TÉLÉCOMMANDE\r\n*FERMETURE CENTRALISÉE À DISTANCE\r\n*DOUBLE CLÉ\r\n*VOLANT MULTIFONCTION\r\n*POSTE RADIO/CD\r\n*ABS/AIRBAG/ESP\r\n\r\nGARANTIE 3 MOIS BOÎTE DE VITESSE ET MOTEUR\r\n(POSSIBLE 6, 9, 12 MOIS)\r\nCARTE GRISE SUR PLACE !!!!!\r\n\r\n**********AUTRES INFORMATIONS**********\r\nVÉHICULE DE 1ÈRE MAIN, L''ENTRETIEN A ÉTÉ FAIT, KIT DE DISTRIBUTION + POMPE À EAU NEUFS, LE VIDANGE ET TOUS LES FILTRES ONT ÉTÉ FAIT ETC, 4 PNEUS PRESQUE NEUFS, CONSOMMATION 5 L./100 KM, INTÉRIEUR ET\r\nEXTÉRIEUR EN EXCELLENT ÉTAT,\r\nRIEN À PRÉVOIR !!!!\r\nIDÉALE POUR JEUNE CONDUCTEUR !!!!!\r\n\r\n\r\nHORAIRES D''OUVERTURE :\r\nDU LUNDI AU VENDREDI : 9H/12H ET 14H/18H\r\nLE SAMEDI : 9H/12H ET 14H/17H', 4450, 1, '2018-11-01 15:45:00'),
(2, 'Maison 4 pièces située à Moliens', 'Maison ancienne avec garage située à Moliens (60220)\r\nRdc : cuisine, séjour, salle d’eau avec wc\r\nÉtage : palier, 2 chambres\r\nGarage\r\nTerrain 173 m2', 69800, 2, '2018-10-05 12:50:00'),
(3, 'Foot chaussure', 'Chaussure foot mouler et protège tibia 38.39', 20, 48, '2018-11-05 08:12:00'),
(4, 'Etabli', 'Vendu avec quelques outils et 1 casque de chantier', 10, 4, '2018-05-08 18:48:54'),
(5, 'Bd', 'BD :\r\n- Gaston Lagaffe\r\n- les conquérants de l''industrie : performances du futur\r\n- Ulysse : la malédiction de Poséidon\r\n\r\n3 euros pièce\r\nenvoi possible avec frais de port à votre charge', 3, 7, '2018-09-01 10:12:41'),
(6, 'Achète flute ancienne Louis Lot ou Bonneville', 'Amoureux des vieilles flûtes traversières françaises, je recherche un instrument de marque Louis Lot, Bonneville, Godfroy Aîné, Nonon, L.L Lebret, C. Rive, F. Barbier, I. Lot, Debonneetbeau, Djalma Julliot, Borne Julliot, Buffet Crampon, Couesnon, Moyse, Gautrot, Laubé, Laurent, Lecomte, Thibouville, Tulou, Jack Leff, A. Jardé, Halary, Martin, Millereau, A. Sax, Winnen, Tabart, Palanca, Triebert, E. Albert, Bellisaire, Bellisent, Noë Frères, Mathieu, Hérouard, Drouet, Jouve, Laurent ou autre, en état de jeu ou à restaurer. \r\n\r\nJe suis intéressé par les modèles en métal ou en bois.\r\n\r\nJe paie un bon prix et je me déplace facilement. J’achète aussi par correspondance si besoin. \r\n\r\nSalutations musicales et à bientôt !\r\n\r\nTéléphoner à Jean au 06 13 61 59 14 ou répondre par mail.', NULL, 11, '2014-06-15 13:03:31'),
(7, 'Vends Boss sx700', 'Hello, je "tâte" le terrain, je ne m''en sers pas donc si quelqu''un est intéressé, me faire une offre ;)\r\n.\r\nJe suis vers Arras.', 150, 11, '2016-03-26 09:34:20'),
(8, 'Marshall Pedl-00045 Pedalier 4 Selecteurs Pour Jvm2', 'Vend footswitch pédalier marshall tout neuf pour la serie jvm\r\njamais utilisé.', 50, 11, '2017-10-18 12:33:22'),
(9, 'Console audio, Surface de contrôle digidesign', 'A vendre\r\nmarque Digidesign.\r\n- D-Control, Surface de contrôle MIDI motorisée\r\n- équipé de son module XMON.\r\n- Console équipé de ses pieds et chassis d''origine.\r\n- Section centrale ( EQ/DYN/MONITORING.....)ainsi q''un bras support d''écran \r\n- 48 faders motorisés, encodeurs.....\r\n- Bargraphe \r\n\r\nPremier contact par mail.\r\npossibilité de venir tester la console sur place. ( paris )\r\nLa console peut etre agencer au montage \r\nex 1 section centrale + 1 bac de 16 tranches...ou 2 ou 3 \r\n\r\nFaire offre \r\nPrix a débattre si achat rapide\r\nétudie toute proposition sérieuse !!!\r\nMarchand de tapis passé votre chemin ....', 9990, 11, '2018-10-09 07:22:32'),
(10, 'Vend 3 cymbales ufip (voir la liste)', '3 Cymbales ufip\r\n1 cymbale DE  11'' (28,5cm) felé 1/4 de tour environ au debut du dome 50euros \r\n1 cymbale DE10'' (26cm) felé 1/4 de tour environ au debut du dome 30EUROS\r\n1 cymbale DE 11'' (28,5cm) 70euros\r\n\r\n\r\npossible remise en main propre a melun ou paris\r\npossible de faire un envoi rajouter les frais de port', 30, 11, '2016-10-27 13:57:21'),
(11, 'GRAVEUR DE CD EN RACK et CARTE CF', 'PAS DE REPONSE AUX EMAILS\r\n(adresse poubelle)\r\nTéléphonez moi SVP au \r\n0962262010\r\n\r\nVisible et écoutable sur Paris :\r\n\r\n\r\nGénial :\r\nOn peut DEFINALISER un CD-RW, on peut EFFACER la (les) derniéres plages enregistrées sur un CD-RW\r\nOn peut passer d''un support à l''autre , d''un format de fichier Audio , à l''autre ,..\r\navec quelques restrictions :\r\n\r\n\r\nGRAVEUR DE CD ET BACK UP SUR CARTE CF TASCAM SS-CDR1\r\nComme Neuf\r\nGraveur de CD Audio , ou CD MP3.(Temps réél) "de Salon"\r\nEnregistreur sur carte CF de Fichiers .WAV stereo ou MP3\r\nCopie de Fichiers .WAV de carte CF vers CD .WAV\r\nCopie de Fichiers .WAV de carte CF vers CD Audio\r\nCopie de Fichiers .MP3 de carte CF vers CD MP3\r\nPrise clavier pour entrer les titres\r\nMode d''emploi en Français\r\nTélécommande\r\nIN/OUT numérique SPDIF coaxial , et Analogique\r\n\r\n\r\n\r\n* S´utilise avec cartes CompactFlash\r\n* CD-R, CD-RW, CD-R-DA, CD-RW-DA\r\n* Formats d´enregistrement\r\n* Taux d´échantillon MP3 48/44,1 kHz\r\n* Longueur de mot 16 Bit\r\n* Taux bit MP3 64/128/192/256/384 Kb/s\r\n* Taux d´échantillonnage WAV 48/44,1 kHz\r\n* Longueur de mot 16 Bit\r\n* CD-DA taux d´échant. 44,1 kHz\r\n* Longeur de mot 16 bits\r\n* Entrée analogique (asymétrique) Cinch,(sym.) XLR\r\n* Sortie analogique (asym.) Cinch,(sym) XLR\r\n* Sortie de casque prise jack stéréo 6,3mm\r\n* Clavier d´ordi en PS2\r\nOptions / Particularités\r\n\r\nOn peut DEFINALISER un CD-RW, on peut EFFACER la (les) derniéres plages enregistrées sur un CD-RW', 599, 11, '2016-10-28 16:00:52'),
(12, 'CLAVIER SAMPLER EMAX de EMU SON VINTAGE', 'CLAVIER SAMPLER EMAX de EMU ,\r\n61 notes , son vintage 12 bits ,\r\nPAS DE REPONSE AUX EMAILS\r\n(adresse poubelle)\r\nTéléphonez moi SVP au \r\n0962262010\r\n\r\n\r\nEn excellent état (sauf une note blanche rayée), acheté par moi en 1986, donc 1ère main ,Il est en parfait état car jamais sorti de chez moi et je m''en suis très peu servi.\r\n\r\nFonctionne sur disquettes 3,5 toujours en vente , le lecteur enregistreur interne de disquettes fonctionne (je fais et vends des copies de disquettes avec ) .\r\nJe fournis avec, les 10 Disquettes sons d''usine + 80 autres de créations . (2000 sons en tout)\r\nJe fournis le MODE D''EMPLOI PAPIER EN FRANÇAIS\r\nVendu 1.490 Euros.\r\nVisible et écoutable à Paris :T au 09 62 26 20 10', 1190, 11, '2016-10-28 16:06:13'),
(13, 'AMPLI DE SONO DJTECH AX 110 POUR DJ OU GROUPE EN PETITE SALLE', 'PAS DE REPONSE AUX EMAILS\r\n(adresse poubelle)\r\nTéléphonez moi SVP au \r\n0962262010\r\n\r\n2 X 120W , convient pour une paire d''enceintes de 2 X 300 W sous 8 Ohms . \r\nLed "overload"\r\n492x100x125 mm , 6 Kg . Reçu en "cadeau" , je n''en ai pas l''utilité . Vendu 250 Euros.\r\nMe Téléphoner au au 09 62 26 20 10\r\n\r\n(Patrick)\r\nNeuf , en carton (pas tombé du camion!)', 245, 11, '2016-10-28 16:40:46'),
(14, 'MAGNETOPHONE NUMERIQUE 8 PISTES SUR K7 HI8 SONY PCM 800', 'Magnetophone numérique professionnel 8 pistes, sur Cassettes HI8 ,en parfait état. Convertisseurs de haute qualité, 16 bits 44/48 Khz\r\n \r\nEntrées et sorties en XLR ANALOGIQUES symétriques ,\r\net entrées  / sorties NUMÉRIQUES en SubD-in et SubD-out . Timecode ABS.\r\n\r\nVendu Avec carte de synchronisation qui permets de travailler en Timecode SMPTE ou Midi Time code (MTC) en "maître".\r\nUtile aussi pour une sauvegarde "miroir" sur disque dur avec transfert du TimeCode.\r\nVoir Photo.\r\n\r\nPlus pratique que le TASCAM DA88 . Cables AES fournis .\r\nCompatible avec DA 88 mais mieux!\r\nPermets notamment de relire les anciennes K7 numériques des années 2000\r\n\r\nWordclock\r\n\r\nRS 422\r\n\r\nPas de réponse aux Emails, T au 09 62 26 20 10 (Patrick) :Prix 1290 Euros\r\n\r\nMalheureusement , impossible de retrouver le mode d''emploi, mais j''ai des "Antisèches" perso des principales fonctions, et un mode d''emploi de la mise à jour effectuée en dernier .\r\nVous pourrez l''écouter et le tester sur Paris\r\nRemise en main propre uniquement\r\n(ou si expédition vous prenez en charge toute l''organisation et les frais . Poids très lourd)', 1290, 11, '2016-10-28 16:45:23'),
(15, 'ENREGIS/LECTEUR DONNÉES SYSEX DISQUETTE PEAVEY MIDI STREAMER', 'PEAVEY MIDI STREAMER\r\n\r\nPAS DE REPONSE AUX EMAILS\r\n(adresse poubelle)\r\nTéléphonez moi SVP au \r\n0962262010\r\n\r\n\r\nBACK UP "HARDWARE" EN RACK DE DONNEES SYSEX SUR DISQUETTES 3,5\r\n(On enregistre ou on envoie des données Midi Sysex vers un instrument ou appareil)\r\nA été révisé/réparé chez Music Maintenance , j''ai la facture .\r\nMe téléphoner au 06 03 69 23 63 (PARIS)', 100, 11, '2016-10-28 16:53:17'),
(16, 'MULTI EFFET POUR GUITARE ELECTRIQUE ROLAND GP8 AVEC PEDALE EV5', 'COMPRESSION , DYNAMIC FILTER, TURBO, OVERDRIVE, DISTORSION , PHASER , EQUALISEUR , DIGITAL DELAY , DIGITAL CHORUS , EFFETS CHAÎNABLES .\r\n\r\nPAS DE REPONSE AUX EMAILS\r\n(adresse poubelle)\r\nTéléphonez moi SVP au \r\n0962262010\r\n\r\nJe ne vends pas la pédale EV5 séparément\r\n\r\n\r\n1 IN jack niveau guitare, 2 OUT en jack + 2 LINE OUT en Jack 3 prises midi .\r\n\r\nEn parfait état car jamais sortie de chez moi (pas de concert)\r\nVendu 290 Euros.Visible et écoutable sur Paris.\r\n\r\nT au 0962262010 (Jacques)\r\n\r\nPédale EV 5 incluse (PAS VENDUE SÉPARÉMENT)', 349, 11, '2016-10-28 17:01:14'),
(17, '8 PREAMPLIS MICRO ANALOGIQUE LIGNE INSTRUMENT OCTOPRE FOCUSRITE ', '8 Préamplis Micro Ligne et Guitare, en un seul Rack\r\n\r\nATTENTION : Pas de sortie numérique\r\n\r\nPAS DE REPONSE AUX EMAILS\r\n(adresse poubelle)\r\nTéléphonez moi SVP au \r\n0962262010\r\n\r\n\r\nA l''avant, 8 modules avec chacun niveau d''entrée , Alim 48v sur chaque canal, coupe bas et COMPRESSION RÉGLABLE intégrée (évite toute saturation en sortie) un compresseur que j''apprécie tout particulièrement.\r\n\r\nSur les 2 premiers modules d''entrée on peut brancher directement une guitare, avec un Jack en façade, donc en haute impédance, comme une "boîte de direct" en quelque sorte (DI BOX)\r\n\r\nA l''arrière de l''appareil\r\n8 entrées XLR et 8 sorties sur SUB D 25 .\r\nATTENTION : Le Câble SUB D 25 - 8 Jacks Symétriques "LIGNE " EST FOURNI\r\nATTENTION : Pas de sortie numérique\r\n\r\nMerci de me téléphoner au 09.62.26.20.10\r\nPour renseignements Test et achat', 249, 11, '2016-10-28 17:23:12'),
(18, 'ENREGISTREUR NUMÉRIQUE 24 PISTES FOSTEX D2424LV 3 DISQUES DURS', 'PAS DE REPONSE AUX EMAILS\r\n(adresse poubelle)\r\nTéléphonez moi SVP au \r\n0962262010\r\n\r\nUltra simple d''utilisation, car Hardware en rack.\r\nOn appuie sur ON , REC ou PLAY et C parti !\r\n\r\nBouclage possible\r\n\r\nFonction LOCATE très performante pour passer d''une adresse à l''autre en un éclair, très utile en diffusion de Bandes Sonores d''effets au Théâtre ou en Scène diffusion de Playbacks musicaux multipistes.\r\n\r\nRepérage de Start très facile grâce à la fonction Scrub (On entends le début de l''audio en Avant , en Arrière jusqu''à repérer un endroit précis qu''on mémorise)\r\n\r\nPossibilités de couper, copier, coller, effacer, déplacer\r\n\r\nEn très bon état.\r\n\r\nVendu avec 3 disques durs Baracuda Seagate 7200 de 120 Go chacun, qu''il vous suffira de reformater et qui sont contenus dans 3 berceaux/caddie référence 9043 .\r\n(14H d''enregistremet en 24 Pistes par Disque dur)\r\n          Le principe est le suivant, il y  a 2 berceaux  superposés sur l''appareil, le berceau du haut contient le disque dur où l''on fait les enregistrements, et celui du dessous est un disque dur de sauvegarde, et bien sûr on peut sauvegarder programme par programme , et recharger par exemple un autre programme sur le disque dur d''enregistrement  pour continuer d''enregistrer dessus..\r\n\r\n\r\n24 Entrés / Sorties en Analogique en Jacks Mono 6,35\r\n3 prises ADAT IN ( 8 canaux par Prise)\r\n3 prises ADAT OUT\r\nPrises Midi IN OUT THRU\r\nOn peut sauvegarder / rappeller les programmes d''un Disque Dur sur l''autre\r\nPour les spécialistes :\r\n- Prises IN/OUT WORDCLOCK\r\n- Prise Remote External RS-422 (SONY 9PIN PROTOCOL)\r\n\r\nJ''AI LE MODE D''EMPLOI EN FRANÇAIS\r\nInclus les 3 Disques Durs et une rallonge de Télécommande\r\nCouleur Blanche\r\nMe téléphoner au 09 62 26 20 10', 990, 11, '2016-10-28 17:29:43'),
(19, 'Ibanez JS24P PREMIUM 24 cases 2013', 'En plus de son esthétisme (translucide), le son est super travaillé (Satriani oblige) !!! Caractéristiques :\r\nvibrato Floyd / corps Tilleul / manche Erable-Bubinga / touches palissandre / micros Di Marzio / 24 cases / potards splitables pour une large gamme de sons.\r\nVendue avec Softcase d''origine + sangle Push Satriani / EN TRES BON ETAT / achetée 1200€ en 2013 (facture) / vendue 850€ prix ferme\r\nVendue en main propre (pas de livraison) / espèces ou chèque de banque\r\nPas d''échange merci.', 850, 11, '2016-11-23 12:34:42'),
(20, 'Ampli Engl 100w Lampes 3 canaux', 'Bonjour,\r\nJe vends ce super ampli pro qui a très très peu servi puisque je suis finalement resté à la basse. Marque Allemande réputée. valeur en magasin 2649 euros\r\n\r\nIl est flambant, tout lampes, avec son footswitch, 2 x hp 12p Celestion, Reverb, 3 canaux, clair, overdrive et disto lead, le tout réglable séparément, tolex noir sans aucune déchirure.\r\nGros gros son ! très polyvalent, Blues, Rock, métal, variété...\r\nLe flight avait été réalisé sur mesure avec roulettes, freins et moussage, bien plus épais que ce que l''on trouve sur Internet.\r\nDimensions : 74 de long / 38 de large / 62 de haut ou 75 du sol.\r\n\r\nVente possible sans flycase  900 euros ou 1200 euros complet\r\n\r\nPas d''envoi. Essayable sur Peypin proche Marseille, Aubagne, Aix', 900, 11, '2017-03-07 06:44:04'),
(21, 'Schecter HELLRAISER C 8', 'Je revends cette très belle 8 cordes, n''en ayant finalement pas vraiment l''utilité.\r\n\r\nElle est en parfait état (un seul petit impact discret sur la table), réglée récemment par un luthier.\r\n\r\nPossibilité de la tester chez moi. Pour la voir en action : [url]https://youtu.be/XPGEGhMJZ4o[/url]\r\n\r\nEnvoi possible, frais de port à ajouter.\r\n\r\nVendue dans son étui rigide.', 850, 11, '2017-05-02 08:00:44'),
(22, 'Cedric I love you', 'Bonjour, je vends mon album I love you', 11, 11, '2018-05-09 16:22:23'),
(23, 'Guitare Silent Yamaha SLG130N', 'Bonjour\r\n\r\nVends guitare électro acoustique nylon / classique d''excellente facture et en excellent état\r\n\r\nInstrument , housse et adaptateur compris dans la vente\r\n\r\nMusicalement', 420, 11, '2017-08-25 20:41:01'),
(24, 'Memotron ', 'Vends rack Memotron Manikin comme neuf, toujours sous garantie (jamais sorti de mon salon, avec carton et emballage d''origine).\nCollections vintage et studio incluses.', 750, 11, '2017-07-22 08:12:41'),
(25, 'Waldorf Zarenbourg ', 'Vends Waldorf Zarenbourg série limitée noir, comme neuf toujours sous garantie (jamais sorti de mon salon avec emballage et carton d''origine).', 2750, 11, '2017-07-23 07:12:41'),
(26, 'Vends anciens et divers 45T ET 33T (voir la liste)', 'VENDS anciens et  DIVERS 45T(48) et 33T(6) (liste sur demande)\r\n45TOURS :\r\n- PIERRE PERRET le service militaire – elle m''a dit non – blanche – des poux et des sous.\r\n- RIKA ZARAI le temps des vacances – mon canoe – mais quand j''y pense – je sais.\r\n- ROSY ARMEN acc par l''orchestre jc pelletier moi qui t''aimais – un ciel nouveau – tirelirelire – prenez garde.\r\n- PIERRE SELOS l''homme et la ville – reveille toi.\r\n- THIERRY LE LURON (OLYMPIA 71) la chabanisation – le ministere patraque\r\n- RICHARD ANTHONY les beaux jours – son meilleur copain – c''est ma fete – le ciel est si beau ce soir.\r\n- RINGO good bye elvis\r\n- FERNAND RAYNAUD un clair de lune a maubeuge – le tango polaire – le twist de fernand – les gens riaient.\r\n- CHARLES TRENET moi j''aime le music hall – la java du diable\r\n- PIERRE SPIERS ET SON GRAND ORCHESTRE oh laisse moi (valse) – tweed lee dee (fox) – ave maria no morro (samba) – y'' a tant d''amour\r\n- FANNY AUDREY dansons mon amour – j''avais reve d''un ange\r\n* JERRY MENGO ET SON ORCHESTRE pulecenella (fox) – maggie (slow) du film II bidone – il segno di venere (fox) – bella come te (bolero) du film II segno du venere\r\n* TEX LECOR le frigidaire – quand viendra le temps\r\n- B.O DU FILM il etait une fois dans l''ouest – l''homme a l''harmonica\r\n* ULYSSE ARGYPOPOULOS ET SON ORCHESTRE delphiana – les enfants du pirée (KATIA VALERE)\r\n- HENRI SALVADOR «CHANSONS CREOLES» maladie d''amour – adieu foulard adieu madras – haiti – ela diz que tem\r\n* PIERRE SPIERS EST AU BRESIL jose carioca (samba) – chiquita madame (samba) – the parrot (samba) – el cumbanchero (samba)\r\n- GUY MARDEL prends des vacances charlie – ballade pour mon fils\r\n- PAUL MATTEI ET SON ORCHESTRE AVEC CLAUDINE CEREDA (parade des succes)\r\nitsi bitsi (petit bikini) – c''est ecrit dans le ciel – banjo boys – miami  \r\n- JOSE GRANADOS ET SON ORCHESTRE ay mi sombrero (paso doble) – bonne chance (bolero)\r\net RUBEN CALZADO ET SON ORCHESTRE rio grande del sur (samba) – quiereme mucho (bolero)\r\n- ORCHESTRE JAMES AWARD notre amour – mustapha (aziz et ses rythmes arabes)\r\n- GUY GODIN ORCHESTRE PEPE DE CORONA pas de pitié (film rio bravo) – le marchand de bonheur\r\n- CHARLES AZNAVOUR j''ai tort – voilà que ça recommence – esperanza – lucie\r\n* accordeon  ORCHESTRE  CESAR LIGNON CHANTE PAR MADY ROUGEY une simple carte postale – les mots d''amour – dans 1 million d''années\r\n- JAMES AWARD ET SON ORCHESTRE DIR CLAUDE VASORI AVEC LES SCARLET black eyes (fox) – bleu blanc blond\r\n* pologne NAJPIEKNIEJSZE WALCE ORKIESTRA SALO NOWA STANISLAS WA LODZ KIEGO fale dunaju – moonlight night an the alster  - wle denskie dzi ewczeta – wlener prater leben\r\n* CESAR LIGNON ET SON ORCHESTRE (surprise party numero 1) en er mundo (paso doble) – el gato montes (paso doble) espana cani (paso doble) coplas\r\n* MUSLIM MAGO MAYEV take my love song from the film love story – non pensare a me granada\r\n* JACKY NOGUEZ SON ACCORDEON SES CHOEURS ET SON ENSEMBLE pepe (fox) – allons allons les enfants (ch finale eurovision 61) – 24000 baisers (chacha rock) – printemps avril carillonne (charleston) eurovision61\r\n\r\n- BARCO NEGRO (film les amants du tage) AMALIA RODRIGUEZ acc guit ch portugais solidao (cançao do mar)\r\n* SURPRISE PARTY ROCK croque croque la pomme – be bop a lula chanté par NANCY HOLLOWAY – en avant l''amour – les barbouses\r\n- BY TWO MAN SOUND balaffon – charlie brown\r\n* pologne ORCHESTRE P.R dyr S RACHON fiakier tylko echo (calypso) – buenas noche miamor (biguine) blekitna fala (tango)\r\n- EXTRAIT DE LA BANDE ORIGINAL DU FILM LA PARISIENNE  CHANT CHRISTIANE LEGRAND MUSIQUE HENRI CROLLA HUBERT ROSTAING ANDRE HODEIR paris BB – la parisienne – valse du roi – duo du balcon\r\n* SIR LANCELOT ET SES BALADINS DES CARAIBES «calypso» folklore\r\nugly woman scandal - in the family – a night in central park – the young girls today\r\n* CHRISTIAN JUIN orch dir CLAUDE VASORI verte campagne\r\norch ANDRE GIRARD mon cœur soupire\r\n- B.O film «LE CHOUCHOU DU PROFESSEUR» teacher''s pet – everybody loves a lover\r\ndoris day av franck devol et son orchestre\r\n* B.O film «L''AUBERGE DU 6eme BONHEUR»  la marche des gosses – nick nack paddy watch - carolina\r\nmitch miller et son orchestre avec choeurs \r\n* en plastique MEDIUM JAZZ oh quelle nuit – petite fleur\r\n- CLAUDE GOATY acc par gerard calvi et son orchestre\r\njulia la rousse – fredé du film les aventures du mekong – un jour l''amour – les jeux sont faits\r\n* FANNY AUDREY ORCHESTRE JOE HOLLOMAN tu frappes mon cœur (mazeltow) si tu vas a rio\r\n- PAR GEORGIA GIBBS acc par HUGO PERETTI ET SON ORCHESTRE\r\nthe hula hoopsong – keep in touch\r\n* LA PLAYA SEXTET delicado care to (chachacha) – batakum evening of (chacha)\r\n* FILI PINKI to my we are – do widzenia profesorze -bal arlekina spacer po porcie\r\n- RAY CONNIFF stardust – september song – speak low – sentimental journey\r\n* FRANCOIS VERMEILLE SON PIANO ET SES RYTHMES deja slow – mambo italiano mambo\r\n- TANGOS MUSETTE AUGUSTO BALDI VOL 13 son orchestre et son ensemble\r\nj''aime tes grands yeux – nuits de chine -tango de marilou – le secret de tes caresses\r\n* LOUIS FERRARI et son ensemble musette bluebell polka – les coquettes de porto rico – il pleut sur londres (valse) – ea canastos l''amour commande\r\n\r\n\r\n33 TOURS:\r\n* JULIETTE GRECO acc par andré grassi et son orchestre\r\nles enfants qui s''aiment (film les portes de la nuit) – les feuilles mortes\r\n* ANNIE CORDY  acc par l''orchestre dir par jacque henry rys\r\nleon – y''en a y''en a pas\r\n* EDDIE BARCLAY ET SON ORCHESTRE\r\nma petite folie (fox) – mais l''dimanche (slow fox) – lluvia de estrellas pluie d''etoiles (tango) – caminito (tango) – son cœur est amoureux (valse)\r\nun gamin de paris (valse) – ma belle histoire (bolero) – la bas (slow fox) – maria christina (bolero mambo) -the cho cho samba (le petit tacot de mexico)\r\n* HENRY GENES acc ORCHESTRE MARIUS COSTE\r\nsidi bel abbes ((tango arabe) – tire l''aiguille (fox arabe)\r\n* VAINQUEUR DU TROPHE MONDIAL ACCORDEON LONDRE 1951\r\nlouis corchia et son ensemble lemerle blanc (polka) – orphelia (valse)\r\n* JO PRIVAT ORCHESTRE BALAJO gomez de santa fé (fox) – java d''un soir\r\n\r\nRemise en main propre possible sur paris ou melun.....\r\nenvois possible rajouter les frais de port', NULL, 11, '2017-07-31 15:25:45'),
(27, 'Vends 70 anciens batteur magazine (voir la liste)', 'VENDS 70 anciens BATTEUR MAGAZINE (voir la liste ci dessous)\r\n \r\nCe sont d''anciens numeros:\r\ndu numero 10 au numero 155\r\n \r\nau debut batteur magazine etait bimestriel\r\nle numero 10 de DECEMBE 87/ JANVIER 88  (avec amaury blanchard - dave weckl)\r\nle numero 12 de AVRIL 88/MAI 88 (avec Gerry brown)\r\nle numero 13 de MAI 88/JUIN 88 (avec Rick allen deff leppard)\r\nle numero 15 de SEPTEMBRE 88/OCTOBRE 88 (avec Jean paul ceccarelli)\r\nle numero 17 de DECEMBRE 88/ JANVIER 89 (avec Nicko mac brain iron maiden)\r\nle numero 20 de MAI  89/JUIN 89 (avec manu katché)\r\nle numero 21 de JUILLET 89/AOUT 89 (avec Steve smith - roxy petrucci)\r\nle numero 23 de NOVEMBRE 89/DECEMBRE 89 ( avec Ray baretto - william calhoum living colour)\r\nle numero 24 de DECEMBRE 89/JANVIER 90 (avec bernard minet - claude vamur kassav)\r\nle numero 25 de FEVRIER 90/MARS 90 (avec mino cinelu)\r\nle numero 27 de JUIN 90 (avec Terry bozzio - chad smith red hot)\r\nle numero 28 de JUILLET 90/AOUT 90 (avec carmine appice - jason bonham)\r\nle numero 29 de SEPTEMBRE 90/OCTOBRE 90 (avec francis lassus)\r\nle numero 30 de NOVEMBRE 90 (avec art blakey - alain gozzo)\r\nle numero 31 de DECEMBRE 90 (avec dave weckl - loic pontieux)\r\n\r\nbatteur magazine passe en mensuel\r\nle numero 32 FEVRIER 91 (jeff porcaro)\r\nle numero 36 JUIN 91 (tal bergman)\r\nle numero 37 JUILLET AOUT 91 (steve ferrone)\r\n\r\nle numero 40 NOVEMBRE 91(lars ulrich - steve gadd)\r\nle numero 41 DECEMBRE 91 (manu katche)\r\nle numero 42 JANVIER 92 (phil collins)\r\nle numero 43 FEVRIER 92 (charlie watts)\r\nle numero 45 AVRIL 92 (neil peart)\r\nle numero 46 MAI 92 (randy castillo)\r\n\r\nle numero 49 SEPTEMBRE 92 (adieu jeff)\r\nle numero 50 OCTOBRE 92 (russ mc kinnon)\r\n\r\nle numero 54 FEVRIER 93 (richard kolinka - chad wackerman)\r\nle numero 58 JUIN 93 (lars ulrich - loic pontieux)\r\nle numero 59 JUILLET AOUT 93 (alex van halen)\r\nle numero 60 SEPTEMBRE 93 (vander)\r\nle numero 62 NOVEMBRE 93 (omar hakim)\r\nle numero 63 DECEMBRE 93 (bill brudford)\r\nle numero 67 AVRIL 94 (franck beard)\r\nle numero 69 JUIN 94 (keith moon)\r\n\r\nle numero 71 SEPTEMBRE 94 (vinnie paul)\r\nle numero 72 OCTOBRE 94 (simon phillips)\r\n\r\nle numero 76 FEVRIER 95 (michael lee)\r\nle numero 79 MAI 95 (bill bruford)\r\nle numero 81 JUILLET AOUT 95 (stewart copeland)\r\n\r\nle numero 84 NOVEMBRE 95 (simon phillips)\r\nle numero 85 DECEMBRE 95 (charlie benante)\r\n\r\nle numero 87 FEVRIER 96 (gregg bissonette)\r\nle numero 88 MARS 96 (steve smith)\r\nle numero 89 AVRIL 96 (bernard purdie)\r\nle numero 90 MAI 96 (rod morgenstein)\r\nle numero 91 JUIN 96 (dave grohl)\r\nle numero 92 JUILLET AOUT 96 (charlie watts)\r\nle numero 93 SEPTEMBRE 96 (sheila e)\r\nle numero 95 NOVEMBRE 96 (matt cameron)\r\nle numero 97 JANVIER 97 (john robinson)\r\nle numero 98 FEVRIER 97 (phil collins – lars ulrich)\r\n\r\nle numero 102 JUIN 97 (loic pontieux)\r\n\r\nle numero 104 SEPTEMBRE 97 (luis conte)\r\nle numero 105 OCTOBRE 97 (mike portnoy)\r\nle numero 106 NOVEMBRE 97 (robert wyatt)\r\nle numero 108 JANVIER 98 (alan white)\r\nle numero 109 FEVRIER 98 (giovanni hidalgo)\r\nle numero 111 AVRIL 98 (alain gozzo)\r\nle numero 112 MAI 98 (michael lee)\r\nle numero 113 JUIN 98 (chad smith)\r\n\r\nle numero 115 SEPTEMBRE 98 (kenny aronoff)\r\nle numero 119 JANVIER 99 (christophe deschamps)\r\nle numero 120 FEVRIER 99 (10 interviews batt night)\r\nle numero 125 JUILLET/AOUT 99 (chad smith)\r\nle numero 127 OCTOBRE 99 (claude salmieri denis benarrosh)\r\nle numero 131 FEVRIER 2000 (dave mc clain machine head)\r\nle numero 132 MARS 2000 (le namm 2000)\r\nle numero 133 AVRIL 2000 (mike terrana)\r\nle numero 155 FEVRIER 2003 (ray barretto)\r\n\r\nREMISE EN MAIN PROPRE POSSIBLE sur paris,melun.....\r\nenvois possible rajouter les frais de port', NULL, 11, '2017-07-31 15:28:01'),
(28, 'Boss Phaser - Line 6 Chorus', 'Vends\r\n\r\n PEDALES D’EFFETS\r\n\r\n-	BOSS PHASER shifter PH3 \r\n        Prix : 69€\r\n\r\n-	LINE 6 SPACE CHORUS \r\n        Prix : 40€\r\n\r\nNicolas 06 74 19 97 05', NULL, 11, '2017-08-12 10:52:31'),
(29, 'AER  Compact 60 2 version limitée  (HOUSSE)', 'Ampli AER en excellent état de fonctionnement !!!', 720, 11, '2017-08-27 21:19:46'),
(30, 'Marshall Dsl100h', 'Tout lampe Etat comme neuf\r\nPuissance: 100 Watt\r\n2 canaux: Classic Gain & Ultra Gain\r\nLampes: 4 x ECC83 et 4 x EL34\r\nContrôles indépendants du volume et du gain pour les deux canaux\r\nModes Clean et Crunch sur canal Classic Gain\r\nModes Lead 1 et Lead 2 sur canal Ultra Gain\r\nContrôles de tonalité classique: Bass, Middle, Treble\r\nContrôle Presence\r\nCircuit Tone Shift\r\nContrôle Resonance\r\nCommutateur Pentode/Triode\r\nRéverbération numérique indépendante pour chaque canal\r\nSorties baffles: 2 x 8 Ohm et 1 x 16 Ohm\r\nFootswitch 2 boutons pour sélection de canal et Reverb On/Off incl.', 500, 11, '2018-03-09 16:02:48'),
(31, 'Ampeg dan armstrong lucite basse 1970', 'En bon état, juste une petite marque au dos du manche sans gravité et bouton de volume neuf identique à l''original.', 1750, 11, '2018-01-20 15:45:52'),
(32, 'Charvel CH4 ', 'A vendre Charvel CH4 ’87 Perloïd White (légèrement jaunie avec le temps qui lui donne un côté vintage ;-)) \r\n\r\nEN TBEG !! ’ÉTAT MINT’ \r\n\r\n- Made in Japan \r\n- manche droit/non vrillé !!! Profil plat vers le bas, légèrement arrondi à partir de la 12ième case, un standard Jackson MIJ \r\n- frettes JUMBO impeccables\r\n- des légères griffures de ceinture à l’arrière + un ’très, très, très’ léger ’poc’ dans la peinture (Si on peut dire un poc… ) \r\n- deux simples Jackson j-200 + un double Jackson J-90 \r\n- pré-amp JE-1200 booster de medium (efficace) actif\r\n- 3 switchs dédiés à chaque mic’ \r\n- 1 master volume + 1 master tone => le 3ème potard est le boost\r\n- vibrato Jackson JT-6 (fabrication Takeuchi MIJ) + bloc-cordes tiennent parfaitement l’accord. Le vib’ est parallèle à la table.\r\n- mécaniques à bain d’huile Jackson \r\n- étui en tweed Charvel d’origine en excellent état !!\r\n\r\nGuitare parfaite pour le hard, thrash, ’glam’ ’80. Mais pas que !! Assez polyvalente pour le funk, fusion ’90, le néo, etc… Polyvante oui, mais avec du caractère !!… \r\nParfaite Shred et grosse rythmique !!\r\n\r\nElle est en en excellent état pour une gratte de cet âge !!!… Je le redis ’ÉTAT MINT’ !!! ;-) \r\n\r\nTarif : 600€ en vu de l’état de l’instrument, 31 ans… Mais négociable dans la limite du raisonnable. Envoi possible, frais de port en sus. Peut être retirée sur place.\r\n\r\n\r\n\r\nPHOTOS SUR DEMANDE ...', 600, 11, '2018-05-30 15:49:07'),
(33, 'Taylor 815C', 'Taylor 815 C – Rare\r\n\r\nRare : Magnifique Guitare Taylor 815 C de 1995\r\nEtat exceptionnel (pas une rayure, ni accroc), équipé d''un micro Fishman natural matrix (sans contrôle - pas de découpe sur les éclisses).\r\nQuelques caractéristiques :\r\n- table en épicéa Sitka\r\n- dos et éclisses en palissandre indien massif\r\n- manche en acajou\r\n- touche ébène\r\n- mécaniques grover\r\n- pan coupé florentine\r\n- chevalet moustache\r\n- format caisse : jumbo\r\n- étui Taylor d''origine\r\n\r\nPrix : 2800€\r\n\r\nPremier contact par mail.\r\nA venir essayer sur place (Montpellier/Nîmes)\r\nVisible sur Paris et Région Parisienne du 24 au 27 février 2018', 2800, 11, '2018-02-18 10:21:17'),
(34, 'Aguilar agro', 'Bonjour\r\nje vends ma pédale de saturation pour basse. Aguilar Agro \r\n. Achetée fin 2015.\r\ntrès bon état général. Utilisée seulement chez moi. \r\nvoir les réglages et les spécificités sur le Net. Pile fournie. \r\nle prix indiqué tient compte des frais de port si envoie postal.\r\n\r\n130€\r\nOu retrait secteur Bonneville 74', 130, 11, '2018-08-30 12:05:48'),
(35, 'Marshall 1922', '2 Celestion G12T-75 150w mono 8ohms / 75w stéréo 16ohms \r\nIdéal dans le coffre de la voiture avec son faible encombrement : 67,5cmx51,5cmx26cm 19Kg ! \r\n1 pied plastique remplacé par un pied maison en liège', 200, 11, '2018-11-02 16:18:59'),
(36, 'Ampli vox av30', 'Vends Ampli Guitare vox AV30 (Lampes).Puissance 30W Etat neuf', 150, 11, '2018-11-02 16:35:25'),
(37, 'Martin/hd28', 'GUITARE MARTIN HD28 SERIE 175 eme anniversaire\r\nGuitare SERIE 175 eme anniversaire (1833-2008) gravé dans la caisse\r\nRéférence de la guitare acoustique équipée d’un system B Band (système, invisible, démontable sans aucune trace montage fait par luthier reconnu !) et permet de retrouver le son original de la guitare branchée \r\nLe système mixe (reglage) à souhaits la prise de vibration de la caisse et les vibrations des cordes (piezzo) \r\nTable éclisses dos manche frettes  en bon état sans éclat ni dégradation\r\nEquipée en Corde Martin SP LIFESPAM neuves  12-54 (origine 13-56) conservée dans son  étui d’origine jamais de scène ni de stockage en milieu « hostile » utilisation privée ou soirée à la maison \r\nN°SERIE  1303814 (fabrication 2008) \r\nPAS D’ECHANGE  paiement certifié ou espèces\r\nTEL:0789030274', 2300, 11, '2018-03-17 18:02:17'),
(38, 'Stairville hl 40 dmx', 'Jeux de lumière Set STAIRVILLE HL 40 DMX\r\n2 projecteurs de découpe avec 4 ampoules halogènes 400 w. couleur sur un projecteur : bleu, rouge, vert, jaune.\r\n1 table de contrôle DMX -512 multifonction. 32 presets\r\n1 pédalier de contrôle color master.\r\n+ pieds + lampes rechange + Pieds + cables XLR + cable DMX + housses pieds+ valise transport', 240, 11, '2018-05-26 15:33:12'),
(39, 'Line 6 PODxt PRO', 'Ayant raccroche (ou plutôt débranché !) ma guitare électrique, je n''ai plus l''utilité de mon processeur d''effets Line6. Je le vends avec le pédalier, les raccords et le mode d''emploi (français et anglais), en lot indissociable.\r\n\r\nTrès riche en terme de simulation d''amplis, de micros (et même positionnement de micros), vous pourrez obtenir le son de votre choix en quelques réglages très simples et intuitifs.\r\n\r\nPossibilité de l''essayer sur place si vous venez à mon domicile.\r\n\r\nPossibilité également de l''expédier à vos frais (Mondial Relay ou La Poste).\r\nPaiement par Paypal, chèque ou espèces.\r\n\r\nSi vous avez des questions, premier contact par messagerie svp.', 300, 11, '2018-05-10 16:57:40'),
(40, 'Jbl prx715xlf', 'Etat très très proche du neuf et a servi seulement 3 fois, à niveau raisonnable\r\nAcheté chez Woodbrass pour 1250€\r\nAvantage de ce caisson : Très léger 26kg ! très compact, rentre dans un coffre de voiture, mais envoie du lourd en terme de puissance et descends dans le grave à 37 Hz !', 875, 11, '2018-06-26 18:29:23'),
(41, 'Esp/ltd f-500', 'VEND LTD F-500\r\n\r\nGuitare merveilleuse qui ne se vend plus aujourd’hui. Couleur noire mat.\r\nCette guitare est redoutable pour les registres un peu musclés. Elle a une pêche et une dynamique que mes amis guitaristes admiraient a chaque fois qu’ils la testaient !!!\r\nJ’ai adoré jouer avec cette guitare. Elle est monstrueuse.\r\n\r\nCependant, je ne fais plus de guitare aujourd’hui. Je préfère m’en séparer afin qu’elle fasse le bonheur de quelqu’un d’autre.\r\n\r\nQuelques caractéristiques : \r\n\r\n24 frets\r\n2 micros EMG 81\r\nCorps Acajou\r\nTune-o-matic\r\n\r\nGuitare merveilleuse. Elle a servi pendant 3 années. Puis j’ai eu d’autres guitare et l’ai un peu laissée de côté… \r\n\r\nIl y a deux trois petits pocs sur la guitare, mais rien de grave.\r\nLe noir mat est un peu devenu brillant aux endroits où la main va beaucoup (au dessus des micros, en dessous). \r\nGrosso modo, elle est en super état.\r\n\r\nJ’ai remis à neuf toutes les vis micros. Je vais changer le potar par le même en noir (pas encore sur la photo). \r\nPS : Potars changés (potars noirs tous beaux !), la photo n’est pas à jour. \r\n\r\nPetite démo de la guitare : \r\nPS : Ampli numérique sur ordinateur pas top, elle aurait pu être mieux mise en valeur !\r\nyoutube.com/watch?v=qVhSzcWMNC4\r\n\r\nGuitare livrée avec housse Tobago verte.\r\nVente de préférence en main propre, car la livraison dans une housse… Bof bof !\r\n\r\nPour infos, photos, et touti touta, contactez-moi', 500, 11, '2018-10-13 12:52:01'),
(42, 'Bass Pedal Board Boss BCB60 équipé', 'Bonjour,\r\nVends Bass Pedal Board  Boss BCB 60 (80€ si seul et vide, ou 130€ vide avec alim et petits câbles de liaisons) très bon état équipé de :\r\n-	Accordeur KORG : 40€\r\n-	Booster MXR MC401 : 60€\r\n-	Préamp/DI Sadowsky : 150€\r\n-	Multi Comp EBS (vendu)\r\n-	Dynamic Wah Boss AW3 : (vendu)\r\n-	Octaver Boss OC2 (vendu)\r\nAucun échange possible et préfère la remise en main propre mais envoi possible avec participation aux frais. \r\nPrix pour le total avec petits câbles de liaisons et alim 380€\r\nMerci de votre intérêt\r\n JM', 380, 11, '2018-05-10 12:30:24'),
(43, 'Violon 4/4', 'Bonjour,\r\n\r\nJe vends mon violon d''étude 4/4.\r\nExcellent état, acquis en 2009.\r\n\r\nContactez moi par mail à l''adresse : violon.vente@gmail.com\r\n\r\nEn vous souhaitant une bonne journée,\r\nLisa R', 3250, 11, '2018-06-27 13:37:31'),
(44, 'Vend ampli Genz Benz GBE 1200 + enceinte 4X10 XB2', 'Tête d’ampli basse. 2 canaux : 1 lampe, 1 transistor. EQ 2 X 5 bandes (1 bande par canal). Sortie ligne, boucle d’effets.\r\n\r\nPréamplificateur : FET / à lampe (1 x 12AX7)\r\nPuissance : 1200 Watts (2 ohms), 1000 Watts (4 ohms), 550 Watts (8 ohms)\r\nPoids : 19 kg\r\n\r\nExcellent état. Peu servi.\r\n\r\nArgus 750 € moyenne des annonces 680 €\r\nVendu 600 €\r\nPrix non négociable.\r\n\r\nAvec son cab GB 410 XB2\r\nvendu 400 €\r\nArgus 607 €\r\nPrix non négociable.', 950, 11, '2018-05-21 17:00:20'),
(45, 'Cort VX 2V', 'Matériel très bien entretenu que je n''utilise plus.\r\naucune rayure, un petit poc au niveau de la pointe de la tête (cf photo)\r\nétat comme neuf\r\n\r\nFiche technique de la guitare : la seule modification est pour les micros\r\nCorps : agathis\r\nManche : 5 pièces, vissé\r\nTouche : palissandre\r\nFrettes : 24 frettes jumbo\r\nMicros : 2 micros doubles EMG 81 / 85 (à l''origine ce sont des EMG-HZ OPEN SA1(F) & TB1(R)\r\nContrôles : 1 volume, 1 tonalité, sélecteur de micro 3 positions\r\nChevalet : Double locking-III\r\n\r\nguitare vendue avec les anciens micros, le vibrato (non présent sur la photo) et sa house souple épaisse.\r\nautres photos sur demande\r\nJe descend sur toulouse si besoin - pas sérieux s''abstenir !!\r\n\r\nJe vends également une pédale Modified Overdrive Badass Custom de chez MXR (consulter son annonce)', 275, 11, '2018-09-29 15:39:49'),
(46, 'Visual Sound Visual Volume', 'Bonjour.\r\nJe vends une pédale de volume "visual sound" model vv10, 10th anniversary edition.\r\nParfait état de marche ,peu servie. Bon état général.\r\nCaractéristiques: 2 entrées, 2 sorties ,une sortie tuner indépendante. 10 leds permettant un dosage précis du volume. Fonctionne sur 9 volts (je ne vends pas la prise d''alimentation, elle n''était pas vendue avec) .', 90, 11, '2018-10-11 15:07:01'),
(47, 'Vens cabine Mesa Boogie / EV 15L', 'Vends cabine Mesa Boogie modèle EV 15L \r\n\r\n400 w / 8 ohms \r\n1200 w en crête\r\n\r\nEn bon état de fonctionnement. \r\n\r\nVendue dans son Hard-case.', 200, 11, '2018-06-15 12:42:58'),
(48, 'Vends ampli sono Crest Audio CPX 900', 'Vends ampli de sonorisation marque CREST, modèle CPX 900 \r\n\r\n2 x 300w / 4 ohms\r\n\r\nTrès peu servi', 200, 11, '2018-06-15 12:45:52'),
(49, 'Accordeon Excelsior 96 basses+mic+case+straps', 'Accordion Excelsior 96 bass, used and in very good condition.\r\n3 Octaves in descant, 96 bass buttons\r\n7 Treble switches, 5 voices\r\n2 Bass switches\r\n2 mic sennheiser+2 controllers (value 500 euro)\r\n\r\nOverall dimensions: 45 x 39 x 21.5 cm (height x width x depth)\r\nFully functioning\r\nPerfect condition\r\nThe voices are beautiful and the piano keys work properly, perfect mechanics.\r\nAccordion has excellent compression.\r\nExcellent mechanical condition.\r\nBeautiful black color accordion.\r\nAccordion is cleaned and tuned! Original and handmade italian reeds\r\nFully prepared for playing!\r\nAccordion comes with 2 mic sennheiser already in place, case for storage and leather straps.\r\n\r\nOptimal price for the quality and made.\r\nMade in ITALY\r\nPlease look at the pictures above & please feel free to email me if you have any questions.', 1690, 11, '2018-05-29 21:32:12'),
(50, 'Esteve Flamenco 2gr5fce', 'Esteve 2GR5F CE à vendre\r\n\r\nannée : 2005\r\n\r\nExcellent état, comme neuve\r\n\r\nAvec housse solide.\r\n\r\nRemise en main propre contre paiement en cash.', 600, 11, '2018-05-30 13:12:08'),
(51, 'Marshall JVM 410', 'Bonjour,\r\n\r\nJe me sépare de ma tête d’ampli à lampes Marshall JVM 410. Je l’ai acheté en 2010, les lampes ont été changées en 2012. Je ne l’ai quasiment plus utilisé depuis 2014 suite à divers déménagements et l''arrêt de mon groupe. Aujourd’hui je n’en ai plus l’utilité car il est trop puissant pour mon appartement.\r\n\r\nC’est un ampli très polyvalent. Il est vendu avec son footswitch et un flightcase.\r\n\r\n\r\nPrix : 850 euros', 850, 11, '2018-07-05 13:16:17'),
(52, 'FENDER - Stratocaster USA American Standard 2012', 'FENDER - Stratocaster USA American Standard 2012 Maple Fretboard - olympic white\r\nLa Fender American Standard Stratocaster 2012 (011-3002-794) améliore encore les performances, si cela est possible, du modèle fondateur de la marque. La version précédente introduite en 2008 avait placé très haut la barre avec un niveau de qualité remarquable pour une guitare grand public; l''American Standard 2012 en reprend tous les foints forts et pose une belle cerise sur le gateau en l''équipant d''un trio de micros Custom Shop Fat 50 qui renforce la profondeur, l''expressivité et l''identité vintage de l''instrument.\r\n\r\nFidèle aux originales\r\nConceptuellement, elle est fidèle aux Stratocasters originales des 50''s et 60''s, avec un corps en Aulne ou en Frêne sélectionnés, un manche vissé en Erable avec touche Erable ou Palissandre de diapason 25.50", un trio de micros (configurations SSS ou HSS), et un vibrato traditionnel . \r\n\r\nLa qualité dans les détails\r\nC''est dans les détails de sa construction-réalisation et dans le choix des composants que l''American Standard 2012 se révèle être une guitare de standing; on note en particulier un vibrato top niveau :\r\n- pontets en acier haute qualité façon vintage dont l''usinage élargit notablement la gamme de fréquences\r\n- un bloc d''inertie (la partie cachée dans le corps de la guitare) dont la densité à été accrue grâce à l''''infiltration de cuivre, ceci ayant pour effet d''amplifier la résonance et améliore le sustain\r\n\r\nUne inspection détaillée laisse voir un assemblage corps-manche très précis (primordial pour la conductivité des vibration et donc l''homogénéité sonore et le sustain) et qu''un soin tout particulier a été apporté au frettage avec des bordures de touche très agréables au contact .\r\nLe corps est verni d''un uréthane High-Gloss brillant immaculé mettant en valeur les différents coloris proposés; c''est un verni fin qui laisse respirer la guitare, favorisant ainsi l''amplitude et la générosité acoustique naturelle de la guitare. Le manche profite d''un verni uréthane satiné soyeux au toucher.', 900, 11, '2018-08-03 21:43:54'),
(53, 'Peinture sur  guitare', 'Peinture sur  guitare electrique et acoustique\r\n\r\npeinture / vernis nitrocellulosique\r\npeinture pailletee\r\npeinture holographique\r\npeinture personnalisée\r\nmanche\r\n\r\n\r\nvernis , mat , satiné , brillant\r\n\r\nreparation bois\r\n\r\nenvoi possible\r\n\r\nviolon , guitare , etc ......', 1, 11, '2018-06-10 21:58:45'),
(54, 'Victory Amps V40 The Duchess', 'Victory Duchess V40 Head\r\n\r\nAcheté fin décembre 2017 en allemagne\r\n\r\nIl est resté dans le salon,\r\n\r\nla housse la facture, les papiers autocollants etc...\r\n\r\nÉtat irréprochable\r\n\r\nPrix de vente 800 euros (dans un premier temps en main propre)\r\n\r\npas d''échange\r\n\r\n\r\nTête d''ampli guitare\r\n\r\nTout lampe\r\n1 canal\r\nPuissance sélectionnable: 40 / 7 / 1,5 / 0,5 Watt RMS\r\n3 lampes de pré-amplification 12AX7\r\n2 lampes de puissance EL34\r\nContrôles: volume, treble, middle, Bass, Reverb et Master, commutateur Voice I / II\r\nCommutateur MidKick\r\nRéverbération numérique déclenchable via pédale fournie\r\nBoucle d''effets\r\nDimensions (LxHxP): 342 x 185 x 185 mm\r\nPoids: 8,2 kg\r\nFabriquée au Royaume-Uni\r\n\r\nV40 The Duchess key features & specification\r\nFormat: Single channel head\r\nPower: 42 Watts,\r\nLow Power: 7 Watts,\r\nHigh Power Single-Ended: 1.5 Watts,\r\nLow Power Single-Ended: 0.5 Watts\r\nValves: 3 x 12AX7, 2 x EL34 as standard\r\nSize (mm): 342(w) x 185(h) x 185(d) including handle, feet & controls\r\nWeight: 8.2kg / 18.1lbs\r\nExtra features:\r\nTwo-position Voice switch\r\nMid Kick switch\r\nFootswitchable digital reverb with hard bypass option\r\nSeries effects loop with hard bypass\r\nPower valves switchable to 6L6\r\nSingle-ended mode\r\nSkeletonised metal case with rubber handle\r\nPadded carry bag included\r\nSingle-button footswitch for reverb on/off included', 800, 11, '2018-11-07 20:28:55'),
(55, 'Peinture  sur batterie', 'Peinture sur batterie acoustique \r\n\r\npeinture toms , futs , cerclage , vernis', 1, 11, '2018-06-28 11:22:25'),
(56, 'Ampeg B1RE', 'Ampeg B-1RE US 300 Watts\r\nEfficace et polyvalent vendu avec GATOR Cases\r\nPar Téléphone uniquement\r\n06,11,19,50,61', 300, 11, '2018-10-11 17:44:56'),
(57, 'Yamaha DXR 15', 'Je vends deux enceintes YAMAHA DXR 15 comme neuves avec leur housse de transport ainsi que les stands (les pieds) et leur housse de transport', 1000, 11, '2018-10-11 20:11:16'),
(58, 'MARTIN Thermoplastic Vintage Acoustic Hardshell Guitar Case', 'MARTIN THERMOPLASTIC VINTAGE ACOUSTIC HARDSHELL CASE GUITAR 70'' to 80''\r\nCharnières et serrures fonctionnent. Parfait état.\r\n105/50  30/40  13\r\n\r\nAutres photos sur demande\r\nExpédition toutes destinations', 170, 11, '2018-10-11 17:35:09'),
(59, 'Yamaha Pacifica 612V', 'Vend Pacifica 612v en parfait état.  Très peu servie.', 400, 11, '2018-10-27 09:37:22'),
(60, 'Orgue Yamaha Electone B55N', 'A vendre région Rambouillet 78 Orgue Yamaha Electone B55N. Révisé parfait état de fonctionnement.', 200, 11, '2018-10-24 17:30:41'),
(61, 'Fender ampli basse  rumble', 'Vend un ampli 25 watts fender, acheté neuf en juillet 2017. Matériel en très bon état', 100, 11, '2018-10-24 18:41:12'),
(62, 'Gibson Les Paul Traditional', 'Vends superbe GIBSON Les Paul Traditional Desert sunburst Chrome (LPTD-DBCH1).\r\nProduite en mai 2011, attendue plusieurs mois et arrivée en magasin le 02/12/2011.\r\nCette guitare est à l''état de neuf (idem réception) , uniquement testée pour m''assurer de son bon fonctionnement puis plus jamais touchée !... Gardée précieusement dans son écrin d''origine.\r\nUniquement pose de Straplock Dunlop (vissés-collés), nécessaires pour éviter de faire tomber un instrument qui dépasse les 4,7Kg à cause d''un défaut d''embout de sangle.\r\nPuis remisage "collection" ; pas vraiment volontaire...\r\n"vraie Les Paul" vintage type 80/90 (sans automate d''accordage) , une "Solid Body" polyvalente avec un gros potentiel Blues-Rock & Hard Rock (mais pas vraiment pour le Métal - voir autres micros).\r\nCorps en Acajou massif avec une table en Erable flambée sculptée particulièrement réussie, le manche rond type "50" est collé avec touche en Palissandre.\r\nDeux micros Humbuckers , un ''57 Classic pour le manche et un ''57 Classic Plus pour le chevalet ; un sélecteur à 3 positions, 2 potentiomètres de volume et 2 autres pour la tonalité des micros.\r\nEtui rigide origine "GIBSON USA" imitation cuir avec intérieur blanc de très bonne facture Canadienne + un second, "GIBSON Gear", idem avec un intérieur gis foncé (initialement prévu pour le transport en gardant celui d''origine intact // donc jamais servi...).\r\nSolide sangle haut de gamme, en cuir de buffle premium de fabrication artisanale Allemande, RICHTER "Dragon Custom" (Dragon de Nacre incrusté à la main) ; doublure en microfibres résistant à la sueur, 7cm au plus large.\r\nDeux stands HERCULES, un bas GS402B et un haut GS414B (réputés comme n''attaquant pas le vernis cellulose des GIBSON) + quelques autres accessoires..\r\nEt je le répète, tout est en parfait état de NEUF !', 1600, 11, '2018-10-16 09:00:34'),
(63, 'Vends Mesa/Boogie Bass 400+ et 2 cabines Mesa/Boogie 2 x HP 10"', 'Vends Mesa/Boogie Bass 400+ et 2 cabines Mesa/Boogie 2 x HP 10" chacune\r\n\r\nSystème complet pour basse électrique avec : \r\n\r\n-  1 tête d''ampli MESA 400+, 300 w avec 4 x 12AX7 et 12 6L6 \r\n\r\n- 2 cabines Mesa Boogie avec 2 x HP 10" et 1 Tweeter chacune, 300 w / 8 ohms\r\n\r\nLes lampes ont du vécu, il est donc fort probable de retuber la tête d''ampli (comptez un budget de 300€)\r\n\r\nSa valeur initiale est de 3000€\r\n\r\nCe système est proposé à 1200€, à savoir 50% du prix neuf plus une ristourne de 300€ pour retuber l''ampli.', 1200, 11, '2018-06-15 12:25:55'),
(64, 'Vend Enregistreur numérique multipistes ZOOM R16', 'Vend Enregistreur numérique multipistes ZOOM R16, état comme neuf, avec carte SD 16GB.\r\nEn cas d’envoi, frais de port en sus.\r\nPrix : 195 euro.', 195, 11, '2018-09-19 07:56:56'),
(65, 'Vend Boite à rythme ALESIS SR-16', 'Vend boite à rythme ALESIS SR-16, excellent état.\r\nEn cas d’envoi, frais de port en sus.\r\nPrix : 95 euro', 95, 11, '2018-09-19 07:58:08'),
(66, 'Vends Guitare Martin & Co OM 28', 'Vends Guitare MARTIN OM28\r\n\r\nChangement de prix occasion (30% de remise sur le prix neuf)\r\n   • 2194,00 € (micro rosace Shadow et étui Martin inclus)\r\n\r\nGuitare fabriquée aux USA, avec un cahier de charges haut de gamme. Acheté fin avril 2015 pour 3134,00 € dans le magasin spécialisé L’ACCORD PARFAIT de la ville de REIMS (51100).\r\n\r\nJe fais donc non-pas 25 mais 30 % sur le prix acheté, en sachant que ce bijou de lutherie est comme neuf ^^. j’ai sorti cette Martin seulement 1 fois à l’extérieur, sinon elle est toujours restée\r\ndans mon Home-studio.\r\nLes seules marques d’usure sont les micro-rayures inévitables (à moins de ne pas jouer avec) à peine visible sur son corps.\r\n\r\nPas besoin d’expliquer les qualités remarquables de cette excellente guitare.\r\nJe joins la fiche technique complète.\r\nBeaucoup de guitaristes réputés jouent avec, comme Eric Clapton par exemple. D’ailleurs son modèle est juste au-dessus de celle-ci.\r\nLa sienne correspond au choix qualitatif des parcelles de bois classées AAAA et coûte, au bas mot, 3848,00 € aujourd’hui et sans électronique embarquée ^^.\r\n\r\nRemise en main propre uniquement\r\nPas d''échange, pas d''envoi.', 2194, 11, '2018-10-03 17:09:31'),
(67, 'MXR CSP-101SL Script Phase 90', 'N''en ayant plus l''utilité je vends cette pédale.\r\nPeu servi\r\nAchat pédalier numérique en vue', 90, 11, '2018-09-27 09:30:22');
INSERT INTO `annonces` (`id_annonce`, `titre`, `contenu`, `prix`, `id_categorie`, `date`) VALUES
(68, 'Fret king classic wah (prix en baisse)', 'Recommandé par le magazine Guitar Part parmi 5 Wah-Wahs à moins de 80 €\r\nDans un esprit à l’ancienne, inspiré par Vox, ce modèle Fret King délivre un joli son de Wah chaleureux et assez doux. La progressivité de la course de cette Classic Wah est excellente et permet de bien couvrir la palette sonore allant d’un grave bien profond à un aigu plus agressif. Une très belle surprise, surtout à ce tarif. Elle est à l’aise dans tous les registres, sans jamais rendre le son acide.\r\nComme neuve, testée à la maison et 2 fois en répétition. Je lui préfère ma Morley M2 qui combine les fonctions wah et volume.\r\nJe la vends 65 €, frais de port compris.', 65, 11, '2018-07-12 13:37:04'),
(69, 'Vends partitions anciennes pour accordeon', 'Bonjour,\r\nJe vends des partitions anciennes de variétés années 40  50\r\nPlus de 200 partitions au total (liste sur demande)\r\nPrix 5 euros les 10', 5, 11, '2018-07-12 14:14:38'),
(70, 'ESP/LTD Viper-500', 'Bonjour,\r\n\r\nJe vends cette guitare électrique musclée :) \r\nDésolé pour la qualité des photos je n’ai pas de quoi rendre honneur à sa beauté.\r\nN’hésitez pas à parcourir le net pour vous rendre compte de cette superbe peinture noire mate.\r\n\r\n450€ si vente en main propre.\r\nColis recommandé avec accusé de réception pour 20€ de plus (avec épaisses protections papier bulles et tout ce qui s’en suit). \r\nHousse offerte X-tone GE35 (valeur 30€). \r\n\r\n* Corps acajou\r\n* Touche ébène\r\n* Manche collé 24 cases\r\n* Diapason 24’75 (628mm, type Gibson) \r\n* Micros actifs EMG 81/85\r\n* Mécaniques GROVER\r\n* 1 volume, 1 tonalité, switch 3 positions\r\n* Chevalet Tune-o-Matic\r\n* Cordes traversantes\r\n\r\nGuitare réglée.\r\nLe profil du manche est fin avec juste ce qu’il faut d’arrondi. Shredding ou plus rythmique vous y trouverez tous votre compte.\r\n\r\nPour rappel sur le type de son des EMG, nous sommes sur quelque chose qui va naturellement tendre vers le gros rock et le metal.\r\nCependant, avec les réglages adéquats, aucun problème pour taper dans le blues et consorts. Mais évidemment il n’y aura pas le petit grain vintage caractéristique.\r\nA savoir pour les réfractaires aux EMG qu’il existe une solution simple et peu onéreuse pour ’aérer’ leur son, réduire l’effet de compression : les passer en 18V avec une seconde pile. J’allais le faire pour tester mais vu que je vends l’instrument je laisse tel quel.\r\n\r\nIl y a un petit coup sur la tranche mais rien de sensitif au toucher. Et à moins de jouer à l’envers vous ne verrez rien non plus !\r\n\r\nAucun échange, j’ai déjà acheté sa remplaçante.\r\nTestable à Lille/Lomme, Aix-Lez-Orchies.\r\n\r\nSi vous avez la moindre question n’hésitez pas.\r\nA vous de jouer !\r\nNicolas.', 450, 11, '2018-07-18 09:30:34'),
(71, 'Vds pédale VOX Wah-Wah V845 Classic', 'Vds pédale Wah-Wah VOX V845 Classic (cause double emploi). Bon état général.', 40, 11, '2018-09-11 08:34:36'),
(72, 'Violon 4/4 de Alain Carbonare À VENDRE', 'Violon entier fabriqué par A. Carbonare en 2011\r\nPrix d''origine: 14 000 €\r\nPRIX DE VENTE: 11 000 €\r\nRdv et remise en main propre: possibilité pour me déplacer à Paris (12e arr., 13e arr. ou 19e arrondissement)', 11000, 11, '2018-07-20 19:27:56'),
(73, 'Line 6 Spider Valve 112 MkII', 'A vendre Line 6 Spider Valve 112 MKII 40 watts à lampes avec son footswitch fbv shortboard mk2 et une housse pour le pédalier.\r\n\r\nBon état et gros son !!! (c''est du Bogner).\r\n\r\nPas d''envoi (il est lourd le bestiau).\r\nPas d''échange.', 300, 11, '2018-07-25 11:57:27');

ALTER TABLE `annonces` ADD `id_utilisateur` INT UNSIGNED NOT NULL ;
update annonces set id_utilisateur=FLOOR(5*RAND())+1; -- de 1 à 5

-- --------------------------------------------------------

--
-- Structure de la table `categories`
--

CREATE TABLE IF NOT EXISTS `categories` (
  `id_categorie` int(10) unsigned NOT NULL AUTO_INCREMENT,
  `libelle` varchar(60) NOT NULL,
  PRIMARY KEY (`id_categorie`)
) ENGINE=InnoDB  DEFAULT CHARSET=utf8mb4 AUTO_INCREMENT=53 ;

--
-- Contenu de la table `categories`
--

INSERT INTO `categories` (`id_categorie`, `libelle`) VALUES
(1, 'Auto / Moto'),
(2, 'Immobilier'),
(3, 'Vêtements'),
(4, 'Jeux & Jouets'),
(5, 'DVD / Films'),
(6, 'CD / Musique'),
(7, 'Livres'),
(8, 'Animaux'),
(9, 'Vélos'),
(10, 'Sports & Hobbies'),
(11, 'Instruments de musique'),
(12, 'Collection'),
(13, 'Jeux & Jouets'),
(14, 'Vins & Gastronomie'),
(15, 'Locations & Gîtes'),
(16, 'Chambres d''hôtes'),
(17, 'Campings'),
(18, 'Hôtels'),
(19, 'Hébergements insolites'),
(20, 'Caravaning'),
(21, 'Utilitaires'),
(22, 'Equipement Auto'),
(23, 'Equipement Moto'),
(24, 'Equipement Caravaning'),
(25, 'Nautisme'),
(26, 'Equipement Nautisme'),
(27, 'Offres d''emploi'),
(28, 'Informatique'),
(29, 'Consoles & Jeux vidéo'),
(30, 'Image & Son'),
(31, 'Téléphonie'),
(32, 'Matériel Agricole'),
(33, 'Transport - Manutention'),
(34, 'BTP - Chantier Gros-oeuvre'),
(35, 'Outillage - Matériaux 2nd-oeuvre'),
(36, 'Équipements Industriels'),
(37, 'Restauration - Hôtellerie'),
(38, 'Fournitures de Bureau'),
(39, 'Commerces & Marchés'),
(40, 'Matériel Médical'),
(41, 'Ameublement'),
(42, 'Electroménager'),
(43, 'Arts de la table'),
(44, 'Décoration'),
(45, 'Linge de maison'),
(46, 'Bricolage'),
(47, 'Jardinage'),
(48, 'Chaussures'),
(49, 'Accessoires & Bagagerie'),
(50, 'Montres & Bijoux'),
(51, 'Equipement bébé'),
(52, 'Vêtements bébé');

-- --------------------------------------------------------

--
-- Structure de la table `utilisateurs`
--


CREATE TABLE IF NOT EXISTS `utilisateurs` (
  `id_utilisateur` int(10) unsigned NOT NULL AUTO_INCREMENT,
  `nom` varchar(30) DEFAULT NULL,
  `prenom` varchar(30) DEFAULT NULL,
  `adresse` tinytext NOT NULL,
  `telephone` int(10) unsigned zerofill NOT NULL,
  PRIMARY KEY (`id_utilisateur`)
) ENGINE=InnoDB  DEFAULT CHARSET=utf8mb4 AUTO_INCREMENT=6 ;

--
-- Contenu de la table `utilisateurs`
--

INSERT INTO `utilisateurs` (`id_utilisateur`, `nom`, `prenom`, `adresse`, `telephone`) VALUES
(1, 'LEGRAND', 'Sarah', '4 rue de Rennes\r\n75002 Paris', 0645254874),
(2, 'CANCEL', 'Christophe', '10 rue des Aires\r\n35000 Rennes', 0295254874),
(3, 'MAUREL', 'Olivier', '4 rue Ampère\r\n56000 Vannes', 0744589632),
(4, 'PLEUVERAUX', 'François', '14 bis chemin des Baguiers\r\n13009 Marseille', 0348144814),
(5, 'CARMIGNAC', 'Laurent', '18 rue Beaussier\r\n75015 Paris', 0548211141);

/*!40101 SET CHARACTER_SET_CLIENT=@OLD_CHARACTER_SET_CLIENT */;
/*!40101 SET CHARACTER_SET_RESULTS=@OLD_CHARACTER_SET_RESULTS */;
/*!40101 SET COLLATION_CONNECTION=@OLD_COLLATION_CONNECTION */;
